 sep=;
From#; From Name; To# - Circ#; To Name; Area; Type; MVA; % L1; L1(MVA); MW:From-To; Mvar:From-To; Power Factor:From-To; MW:To-From; Mvar:To-From; Power Factor:To-From; MW:Losses; Mvar:Losses; 
5037; LBARRO-PI230; 5038    # 01; LBARR1-PI034; 772; TRAFO; 34.6; 28.84; 120.0; -32.2; 12.6; -; 32.2; -11.2; 0.944 Ind; 0.0; 1.4; 
5037; LBARRO-PI230; 5039    # 02; LBARR2-PI034; 772; TRAFO; 28.5; 23.79; 120.0; -26.0; 11.9; -; 26.0; -10.9; 0.922 Ind; 0.0; 0.9; 
5037; LBARRO-PI230; 44902    # 03; LBARR3-PI034; 772; OLTC; 45.4; 50.45; 90.0; -24.6; -35.1; -; 24.6; 38.1; 0.543 Cap; 0.1; 3.1; 
5038; LBARR1-PI034; 5322    # 01; LBARR1EOL036; 772; TL; 34.1; 0.34; 9999.0; -32.2; 11.2; -; 32.4; -10.7; 0.950 Ind; 0.2; 0.6; 
5039; LBARR2-PI034; 5040    # 01; LBARR2EOL029; 772; TL; 27.5; 0.27; 9999.0; -26.0; 8.9; -; 26.1; -8.6; 0.950 Ind; 0.1; 0.4; 
5096; RGOAT2-PI000; 5097    # 02; RGOAT2-PI013; 771; TRAFO; 0.0; 0.00; 75.0; 0.0; 0.0; -; 0.0; 0.0; -; 0.0; 0.0; 
5096; RGOAT2-PI000; 5430    # 02; RGONCA-PI230; 771; TRAFO; 26.5; 8.85; 300.0; -26.5; -1.0; -; 26.5; 1.0; 0.999 Cap; 0.0; -0.0; 
5176; TIANGD-CE500; 5318    # 01; ACARAT-CE500; 761; TL; 60.9; 2.34; 2598.0; -26.2; -50.9; -; 26.3; -54.9; 0.432 Ind; 0.1; -105.8; 
5176; TIANGD-CE500; 5480    # 05; SOBRA3-CE500; 761; TL; 156.7; 7.38; 2123.0; 6.5; -18.9; 0.325 Ind; -6.5; -156.6; -; 0.0; -175.5; 
5176; TIANGD-CE500; 5480    # 08; SOBRA3-CE500; 761; TL; 162.0; 7.63; 2123.0; 6.1; -27.4; 0.216 Ind; -6.0; -161.9; -; 0.0; -189.3; 
5176; TIANGD-CE500; 7959    # 01; TGD-T1-CE000; 761; OLTC; 14.7; 2.46; 600.0; -2.6; 14.5; -; 2.6; -14.4; 0.179 Ind; 0.0; 0.1; 
5176; TIANGD-CE500; 7960    # 02; TGD-T2-CE000; 761; OLTC; 14.7; 2.46; 600.0; -2.6; 14.5; -; 2.6; -14.4; 0.179 Ind; 0.0; 0.1; 
5303; CHAPA1-PI230; 5307    # 01; CHAPA1-PI034; 772; TRAFO; 38.0; 0.38; 9999.0; -35.9; 12.6; -; 35.9; -10.9; 0.957 Ind; 0.0; 1.6; 
5303; CHAPA1-PI230; 5530    # 01; CHAP1B-PI034; 772; TRAFO; 28.8; 0.29; 9999.0; -26.9; 10.4; -; 26.9; -9.5; 0.943 Ind; 0.0; 0.9; 
5303; CHAPA1-PI230; 6631    # 01; CHAPA2-PI230; 772; TL; 13.2; 4.20; 315.0; 12.7; -3.6; 0.962 Ind; -12.7; 1.4; -; 0.0; -2.2; 
5303; CHAPA1-PI230; 44586    # 03; CHAPT1-PI000; 772; OLTC; 31.5; 15.74; 200.0; 28.0; 14.3; 0.891 Cap; -28.0; -13.0; -; 0.0; 1.3; 
5303; CHAPA1-PI230; 44587    # 04; CHAPT2-PI000; 772; OLTC; 31.5; 15.74; 200.0; 28.0; 14.3; 0.891 Cap; -28.0; -13.0; -; 0.0; 1.3; 
5305; CHAPA3-PI230; 5309    # 01; CHAPA3-PI034; 772; TRAFO; 37.6; 0.38; 9999.0; -34.7; 14.5; -; 34.7; -12.9; 0.937 Ind; 0.0; 1.6; 
5305; CHAPA3-PI230; 5620    # 01; CHAP3B-PI034; 772; TRAFO; 37.6; 0.38; 9999.0; -34.4; 15.3; -; 34.4; -13.7; 0.929 Ind; 0.0; 1.6; 
5305; CHAPA3-PI230; 8319    # 01; CRATO2-CE230; 772; TL; 68.3; 8.71; 784.0; 66.1; -17.4; 0.967 Ind; -65.3; -3.6; -; 0.8; -20.9; 
5307; CHAPA1-PI034; 6630    # 01; CHAP1AEOL060; 772; TL; 37.5; 0.38; 9999.0; -35.9; 10.9; -; 36.0; -10.0; 0.964 Ind; 0.1; 0.9; 
5309; CHAPA3-PI034; 6638    # 01; AUGUSTEOL067; 772; TL; 37.0; 0.37; 9999.0; -34.7; 12.9; -; 34.8; -12.3; 0.943 Ind; 0.1; 0.6; 
5318; ACARAT-CE500; 5370    # 01; PECEM2-CE500; 761; TL; 174.2; 6.71; 2598.0; -4.2; 88.1; -; 4.4; -174.2; 0.025 Ind; 0.2; -86.1; 
5318; ACARAT-CE500; 8363    # 01; AUT-T1-CE000; 761; OLTC; 52.8; 7.04; 750.0; -29.1; 44.1; -; 29.1; -43.5; 0.556 Ind; 0.0; 0.6; 
5318; ACARAT-CE500; 8364    # 02; AUT-T2-CE000; 761; OLTC; 52.8; 7.04; 750.0; -29.1; 44.1; -; 29.1; -43.5; 0.556 Ind; 0.0; 0.6; 
5321; TRT----PI230; 5323    # 03; TRT----PI069; 772; OLTC; 71.6; 35.78; 200.0; 66.9; 25.4; 0.935 Cap; -66.8; -22.0; -; 0.0; 3.4; 
5321; TRT----PI230; 6651    # 01; TRT-T1-PI000; 772; OLTC; 71.4; 35.71; 200.0; 67.2; 24.2; 0.941 Cap; -67.2; -24.0; -; 0.0; 0.2; 
5321; TRT----PI230; 44007    # 02; TRT-T2-PI000; 772; OLTC; 71.5; 35.75; 200.0; 66.5; 26.3; 0.930 Cap; -66.5; -26.1; -; 0.0; 0.2; 
5323; TRT----PI069; 44007    # 02; TRT-T2-PI000; 773; TRAFO; 71.4; 35.71; 200.0; -66.5; -23.0; -; 66.5; 26.1; 0.931 Cap; 0.0; 3.1; 
5325; QUEIMA-PI500; 5699    # 01; LVENT3-PI500; 771; SWITCH; 123.4; 1.23; 9999.0; -118.4; 34.7; -; 118.4; -34.7; 0.960 Ind; 0.0; 0.0; 
5325; QUEIMA-PI500; 8338    # 01; OITIS--PI500; 771; SWITCH; 178.0; 1.78; 9999.0; -169.4; 54.7; -; 169.4; -54.7; 0.952 Ind; 0.0; 0.0; 
5327; CHAPA1-PI138; 8354    # 01; CHA1PE-PI138; 773; SWITCH; 55.7; 0.56; 9999.0; 50.2; 24.1; 0.901 Cap; -50.2; -24.1; -; 0.0; 0.0; 
5327; CHAPA1-PI138; 8355    # 01; CHA1PI-PI138; 773; SWITCH; 6.2; 0.06; 9999.0; 5.9; 1.9; 0.952 Cap; -5.9; -1.9; -; 0.0; 0.0; 
5370; PECEM2-CE500; 5451    # 02; FTZ2---CE500; 761; TL; 390.0; 15.24; 2560.0; 180.9; 232.3; 0.614 Cap; -180.3; -345.9; -; 0.6; -113.6; 
5370; PECEM2-CE500; 42326    # 01; PCD-T1-CE000; 761; TRAFO; 130.0; 10.83; 1200.0; -127.1; 27.3; -; 127.2; -22.9; 0.984 Ind; 0.1; 4.5; 
5370; PECEM2-CE500; 42328    # 02; PCD-T2-CE000; 761; TRAFO; 130.2; 10.85; 1200.0; -127.3; 27.4; -; 127.4; -23.0; 0.984 Ind; 0.1; 4.3; 
5370; PECEM2-CE500; 42330    # 03; PCD-T3-CE000; 761; TRAFO; 130.4; 10.87; 1200.0; -127.5; 27.4; -; 127.5; -23.0; 0.984 Ind; -0.0; 4.4; 
5380; MLG2---CE500; 5325    # 03; QUEIMA-PI500; 761; TL; 190.0; 7.62; 2494.0; 23.8; 36.7; 0.545 Cap; -23.6; -188.6; -; 0.2; -151.9; 
5380; MLG2---CE500; 5350    # 02; ACU3---RN500; 761; TL; 403.1; 12.93; 3118.0; -383.7; 15.2; -; 386.8; -113.5; 0.960 Ind; 3.1; -98.3; 
5380; MLG2---CE500; 7922    # 01; S.SURU-PE500; 761; TL; 655.4; 29.98; 2186.0; 637.3; -138.7; 0.977 Ind; -630.2; 180.1; -; 7.1; 41.4; 
5408; MILAGR-CE500; 5380    # 01; MLG2---CE500; 761; TL; 200.9; 9.19; 2186.0; 200.8; -6.5; 0.999 Ind; -200.8; 3.4; -; 0.0; -3.1; 
5408; MILAGR-CE500; 5380    # 04; MLG2---CE500; 761; TL; 214.9; 10.79; 1992.0; 214.9; 0.9; 1.000 Cap; -214.9; -4.3; -; 0.0; -3.4; 
5408; MILAGR-CE500; 42308    # 01; MLG5T1-CE000; 761; TRAFO; 104.3; 17.38; 600.0; -97.8; -36.2; -; 97.8; 36.1; 0.938 Cap; 0.0; -0.2; 
5408; MILAGR-CE500; 42310    # 06; MLG5T6-CE000; 761; TRAFO; 103.2; 17.20; 600.0; -96.8; -35.8; -; 96.8; 35.7; 0.938 Cap; 0.0; -0.1; 
5408; MILAGR-CE500; 42312    # 07; MLG5T7-CE000; 761; TRAFO; 102.4; 17.06; 600.0; -95.4; -35.3; -; 95.4; 37.1; 0.932 Cap; 0.0; 1.8; 
5428; QUIXAD-CE500; 5350    # 02; ACU3---RN500; 761; TL; 343.2; 13.62; 2520.0; -338.8; -6.1; -; 340.5; -42.5; 0.992 Ind; 1.7; -48.6; 
5428; QUIXAD-CE500; 5408    # 03; MILAGR-CE500; 761; TL; 164.3; 7.94; 2070.0; 126.2; -105.3; 0.768 Ind; -125.7; 5.0; -; 0.5; -100.3; 
5430; RGONCA-PI230; 5391    # 01; BALSAS-MA230; 772; TL; 27.5; 13.55; 203.0; 25.4; -10.5; 0.925 Ind; -25.3; -6.4; -; 0.1; -16.9; 
5430; RGONCA-PI230; 5391    # 02; BALSAS-MA230; 772; TL; 27.4; 9.82; 279.0; 25.5; -10.1; 0.929 Ind; -25.4; -6.5; -; 0.1; -16.6; 
5430; RGONCA-PI230; 6098    # 01; RGO-T1-PI000; 772; OLTC; 1.3; 2.64; 50.0; 1.3; 0.1; 0.996 Cap; -1.3; -0.1; -; 0.0; -0.0; 
5430; RGONCA-PI230; 8770    # 01; UFVRGC-PI230; 772; SWITCH; 108.3; 1.08; 9999.0; -106.6; 19.0; -; 106.6; -19.0; 0.985 Ind; 0.0; 0.0; 
5430; RGONCA-PI230; 44755    # 02; RGO-T2-PI000; 772; OLTC; 1.3; 2.58; 50.0; 1.3; 0.1; 0.997 Cap; -1.3; -0.1; -; 0.0; -0.0; 
5435; RG-SJ1CAP500; 5570    # 03; S.J.PI-PI500; 771; TL; 247.3; 12.41; 1992.0; 210.6; -129.5; 0.852 Ind; -209.5; -37.8; -; 1.1; -167.2; 
5436; RGONCA-PI500; 5096    # 02; RGOAT2-PI000; 771; OLTC; 26.5; 8.85; 300.0; -26.5; -0.7; -; 26.5; 1.0; 0.999 Cap; 0.0; 0.3; 
5436; RGONCA-PI500; 5465    # 01; RGOATR-PI000; 771; OLTC; 26.6; 8.86; 300.0; -26.6; -0.2; -; 26.6; 0.5; 1.000 Cap; 0.0; 0.3; 
5451; FTZ2---CE500; 5428    # 05; QUIXAD-CE500; 761; TL; 226.5; 10.94; 2070.0; -212.0; 28.3; -; 212.7; -78.1; 0.939 Ind; 0.6; -49.8; 
5451; FTZ2---CE500; 5841    # 01; PACABA-CE500; 761; TL; 413.2; 16.14; 2560.0; -348.0; -222.9; -; 348.1; 205.9; 0.861 Cap; 0.2; -17.0; 
5451; FTZ2---CE500; 42332    # 01; FTD5T1-CE000; 761; TRAFO; 196.1; 32.69; 600.0; 186.9; 57.8; 0.955 Cap; -186.9; -59.5; -; 0.0; -1.7; 
5451; FTZ2---CE500; 42334    # 02; FTD5T2-CE000; 761; TRAFO; 195.4; 32.57; 600.0; 186.2; 57.4; 0.956 Cap; -186.2; -59.4; -; 0.0; -1.9; 
5451; FTZ2---CE500; 42336    # 03; FTD5T3-CE000; 761; TRAFO; 192.1; 32.02; 600.0; 183.5; 56.8; 0.955 Cap; -183.5; -56.0; -; 0.0; 0.7; 
5451; FTZ2---CE500; 42338    # 04; FTD5T4-CE000; 761; TRAFO; 192.3; 32.04; 600.0; 183.7; 56.7; 0.956 Cap; -183.7; -56.6; -; 0.0; 0.1; 
5465; RGOATR-PI000; 5430    # 01; RGONCA-PI230; 771; TRAFO; 26.6; 8.86; 300.0; -26.6; -0.5; -; 26.6; 0.4; 1.000 Cap; 0.0; -0.0; 
5465; RGOATR-PI000; 5464    # 01; RGOATR-PI013; 771; TRAFO; 0.0; 0.00; 2.0; 0.0; 0.0; -; 0.0; 0.0; -; 0.0; 0.0; 
5480; SOBRA3-CE500; 5370    # 06; PECEM2-CE500; 761; TL; 202.2; 7.90; 2560.0; -29.3; 60.6; -; 29.4; -200.0; 0.145 Ind; 0.0; -139.5; 
5480; SOBRA3-CE500; 5370    # 07; PECEM2-CE500; 761; TL; 199.4; 7.79; 2560.0; -29.6; 64.8; -; 29.6; -197.2; 0.149 Ind; 0.0; -132.4; 
5480; SOBRA3-CE500; 9516    # 03; SOBRALCER016; 761; TRAFO; 65.5; 26.20; 250.0; 0.0; 65.5; -; 0.0; -63.0; -; 0.0; 2.5; 
5480; SOBRA3-CE500; 42340    # 01; SBT-T1-CE000; 761; TRAFO; 41.2; 6.87; 600.0; 36.1; -19.9; 0.876 Ind; -36.1; 19.9; -; 0.0; -0.0; 
5480; SOBRA3-CE500; 42342    # 02; SBT-T2-CE000; 761; TRAFO; 39.7; 6.62; 600.0; 35.3; -18.2; 0.889 Ind; -35.3; 18.2; -; 0.0; -0.0; 
5491; PIRIPI-PI230; 5321    # 07; TRT----PI230; 772; TL; 33.6; 5.36; 627.0; 32.0; -10.3; 0.952 Ind; -31.9; -4.7; -; 0.1; -15.0; 
5491; PIRIPI-PI230; 5492    # 04; PIRIPI-PI138; 772; OLTC; 6.8; 12.39; 55.0; 6.5; 2.1; 0.949 Cap; -6.5; -2.1; -; 0.0; 0.1; 
5491; PIRIPI-PI230; 5492    # 05; PIRIPI-PI138; 772; OLTC; 6.7; 12.15; 55.0; 6.3; 2.1; 0.949 Cap; -6.3; -2.0; -; 0.0; 0.0; 
5491; PIRIPI-PI230; 5492    # 07; PIRIPI-PI138; 772; OLTC; 6.4; 11.66; 55.0; 6.1; 2.0; 0.949 Cap; -6.1; -2.0; -; 0.0; 0.0; 
5491; PIRIPI-PI230; 5493    # 02; PIRIPI-PI069; 772; OLTC; 23.6; 47.16; 50.0; 22.2; 7.8; 0.943 Cap; -22.2; -6.4; -; 0.0; 1.4; 
5491; PIRIPI-PI230; 5493    # 03; PIRIPI-PI069; 772; OLTC; 24.4; 48.71; 50.0; 23.0; 8.1; 0.943 Cap; -23.0; -6.7; -; 0.0; 1.4; 
5491; PIRIPI-PI230; 5499    # 01; PRIT1--PI000; 772; OLTC; 23.8; 47.58; 50.0; 22.4; 8.0; 0.941 Cap; -22.4; -6.5; -; 0.0; 1.5; 
5491; PIRIPI-PI230; 5501    # 01; TERESI-PI230; 772; TL; 28.8; 14.47; 199.0; 27.5; -8.4; 0.956 Ind; -27.3; -6.4; -; 0.2; -14.8; 
5493; PIRIPI-PI069; 5496    # 01; PRI----PI013; 773; TRAFO; 5.1; 101.63; 5.0; 4.7; 1.9; 0.930 Cap; -4.7; -1.6; -; 0.0; 0.3; 
5493; PIRIPI-PI069; 5496    # 02; PRI----PI013; 773; TRAFO; 8.0; 80.38; 10.0; 7.5; 3.0; 0.930 Cap; -7.5; -2.5; -; 0.0; 0.5; 
5493; PIRIPI-PI069; 5496    # 03; PRI----PI013; 773; TRAFO; 5.2; 103.24; 5.0; 4.8; 1.9; 0.930 Cap; -4.8; -1.6; -; 0.0; 0.3; 
5493; PIRIPI-PI069; 5499    # 01; PRIT1--PI000; 772; TRAFO; 23.4; 46.70; 50.0; -22.4; -6.6; -; 22.4; 6.5; 0.960 Cap; 0.0; -0.1; 
5494; PRIRLT-PI013; 5499    # 01; PRIT1--PI000; 772; TRAFO; 0.0; 0.00; 15.0; 0.0; 0.0; -; 0.0; 0.0; -; 0.0; 0.0; 
5500; TERES2-PI500; 5176    # 07; TIANGD-CE500; 771; TL; 29.6; 1.39; 2123.0; 14.2; 26.0; 0.480 Cap; -14.1; -19.3; -; 0.1; 6.7; 
5500; TERES2-PI500; 5176    # 09; TIANGD-CE500; 771; TL; 41.5; 1.95; 2123.0; 14.2; 39.0; 0.341 Cap; -14.1; -4.1; -; 0.1; 34.9; 
5500; TERES2-PI500; 44001    # 01; TSD-T1-PI000; 771; TRAFO; 113.0; 37.67; 300.0; 112.0; -11.4; 0.995 Ind; -112.0; 14.8; -; 0.0; 3.4; 
5500; TERES2-PI500; 44003    # 02; TSD-T2-PI000; 771; TRAFO; 111.7; 37.25; 300.0; 110.3; -14.7; 0.991 Ind; -110.3; 18.1; -; 0.0; 3.4; 
5500; TERES2-PI500; 44005    # 04; TSD-T4-PI000; 771; TRAFO; 108.0; 35.99; 300.0; 107.0; -10.9; 0.995 Ind; -107.0; 14.5; -; 0.0; 3.6; 
5501; TERESI-PI230; 5503    # 03; TERESI-PI069; 772; OLTC; 44.2; 44.18; 100.0; 41.6; 14.8; 0.943 Cap; -41.6; -12.4; -; 0.0; 2.4; 
5501; TERESI-PI230; 5503    # 04; TERESI-PI069; 772; OLTC; 42.5; 42.48; 100.0; 40.0; 14.2; 0.943 Cap; -40.0; -11.9; -; 0.0; 2.3; 
5501; TERESI-PI230; 5503    # 05; TERESI-PI069; 772; OLTC; 43.0; 42.96; 100.0; 40.5; 14.3; 0.943 Cap; -40.5; -12.0; -; 0.0; 2.3; 
5501; TERESI-PI230; 5503    # 06; TERESI-PI069; 772; OLTC; 43.1; 43.12; 100.0; 40.6; 14.4; 0.943 Cap; -40.6; -12.1; -; 0.0; 2.3; 
5501; TERESI-PI230; 5503    # 07; TERESI-PI069; 772; OLTC; 44.1; 44.12; 100.0; 41.6; 14.7; 0.943 Cap; -41.6; -12.4; -; 0.0; 2.4; 
5501; TERESI-PI230; 5505    # 01; TSAT1--PI013; 772; OLTC; 28.4; 56.87; 50.0; 26.5; 10.3; 0.932 Cap; -26.5; -8.7; -; 0.0; 1.6; 
5501; TERESI-PI230; 5506    # 02; TSAT2--PI013; 772; OLTC; 26.8; 67.05; 40.0; 25.7; 7.7; 0.958 Cap; -25.7; -5.0; -; 0.0; 2.7; 
5501; TERESI-PI230; 5511    # 01; B.ESPE-PI230; 772; TL; 34.3; 17.21; 199.0; -27.6; -2.3; -; 27.9; -19.9; 0.813 Ind; 0.3; -22.2; 
5501; TERESI-PI230; 5511    # 02; B.ESPE-PI230; 772; TL; 34.4; 17.30; 199.0; -27.6; -12.4; -; 27.9; -20.2; 0.811 Ind; 0.3; -32.5; 
5501; TERESI-PI230; 5525    # 01; C.NETO-MA230; 772; TL; 41.6; 17.86; 233.0; 40.5; -9.1; 0.976 Ind; -40.1; -11.1; -; 0.4; -20.1; 
5502; TERES2-PI230; 5321    # 06; TRT----PI230; 772; TL; 91.6; 21.81; 420.0; 84.6; 31.4; 0.938 Cap; -84.4; -35.7; -; 0.2; -4.3; 
5502; TERES2-PI230; 5500    # 05; TERES2-PI500; 772; OLTC; 180.2; 60.06; 300.0; -106.4; -135.0; -; 106.4; 145.4; 0.590 Cap; 0.0; 10.5; 
5502; TERES2-PI230; 5501    # 04; TERESI-PI230; 772; TL; 107.9; 32.80; 329.0; 107.9; 3.4; 1.000 Cap; -107.3; -5.0; -; 0.5; -1.7; 
5502; TERES2-PI230; 5508    # 01; TSDBP2-PI230; 772; SWITCH; 122.7; 1.23; 9999.0; 107.5; 59.1; 0.876 Cap; -107.5; -59.1; -; 0.0; 0.0; 
5502; TERES2-PI230; 5509    # 01; TERESISIN001; 772; TRAFO; 1.3; 0.86; 150.0; 0.0; -1.3; -; 0.0; 1.3; -; 0.0; 0.0; 
5502; TERES2-PI230; 8471    # 09; TSD-T9-PI000; 772; OLTC; 28.2; 18.79; 150.0; 25.5; 12.0; 0.904 Cap; -25.5; -11.3; -; 0.0; 0.7; 
5502; TERES2-PI230; 44001    # 01; TSD-T1-PI000; 772; OLTC; 113.1; 37.70; 300.0; -112.0; 15.5; -; 112.0; -14.8; 0.991 Ind; 0.0; 0.7; 
5502; TERES2-PI230; 44005    # 04; TSD-T4-PI000; 772; OLTC; 108.0; 36.01; 300.0; -107.0; 14.8; -; 107.0; -14.5; 0.991 Ind; 0.0; 0.3; 
5503; TERESI-PI069; 8034    # 01; TSA.PI-PI069; 773; SWITCH; 46.9; 0.47; 9999.0; 46.2; 7.8; 0.986 Cap; -46.2; -7.8; -; 0.0; 0.0; 
5503; TERESI-PI069; 8035    # 01; TSA.MA-PI069; 773; SWITCH; 169.7; 1.70; 9999.0; 161.2; 53.0; 0.950 Cap; -161.2; -53.0; -; 0.0; 0.0; 
5508; TSDBP2-PI230; 5321    # 05; TRT----PI230; 772; TL; 91.5; 21.79; 420.0; 84.6; 31.3; 0.938 Cap; -84.3; -35.6; -; 0.2; -4.3; 
5508; TSDBP2-PI230; 5501    # 03; TERESI-PI230; 772; TL; 107.9; 32.79; 329.0; 107.8; 3.3; 1.000 Cap; -107.3; -5.0; -; 0.5; -1.7; 
5508; TSDBP2-PI230; 8472    # 10; TSDT10-PI000; 772; OLTC; 26.0; 17.34; 150.0; 25.3; 5.8; 0.975 Cap; -25.3; -5.2; -; 0.0; 0.6; 
5508; TSDBP2-PI230; 44003    # 02; TSD-T2-PI000; 772; OLTC; 111.9; 37.29; 300.0; -110.3; 18.7; -; 110.3; -18.1; 0.987 Ind; 0.0; 0.7; 
5510; B.ESPE-PI500; 5580    # 07; P.DUTR-MA500; 771; TL; 256.1; 14.78; 1732.0; -195.3; -106.9; -; 196.2; 164.5; 0.766 Cap; 0.9; 57.6; 
5510; B.ESPE-PI500; 43980    # 01; BEA-T1-PI000; 771; TRAFO; 20.3; 6.76; 300.0; 20.1; -2.8; 0.991 Ind; -20.1; 2.9; -; 0.0; 0.1; 
5511; B.ESPE-PI230; 8473    # 05; BEA-T5-PI000; 772; OLTC; 33.9; 33.86; 100.0; 31.7; 12.0; 0.935 Cap; -31.6; -10.5; -; 0.0; 1.5; 
5511; B.ESPE-PI230; 8474    # 06; BEA-T6-PI000; 772; OLTC; 33.8; 33.81; 100.0; 31.6; 12.0; 0.935 Cap; -31.6; -10.5; -; 0.0; 1.5; 
5511; B.ESPE-PI230; 43980    # 01; BEA-T1-PI000; 772; OLTC; 20.3; 6.77; 300.0; -20.1; 2.9; -; 20.1; -2.9; 0.990 Ind; 0.0; 0.0; 
5511; B.ESPE-PI230; 44095    # 01; U.BESP-PI230; 772; TL; 99.9; 41.80; 239.0; -98.9; 13.2; -; 99.0; -13.4; 0.991 Ind; 0.1; -0.2; 
5530; CHAP1B-PI034; 5600    # 01; CHAP1BEOL045; 772; TL; 28.5; 0.29; 9999.0; -26.9; 9.5; -; 27.0; -8.8; 0.951 Ind; 0.1; 0.7; 
5570; S.J.PI-PI500; 6640    # 01; CURRAL-PI500; 771; TL; 351.6; 17.65; 1992.0; -69.7; 254.2; -; 70.3; -344.5; 0.200 Ind; 0.6; -90.3; 
5570; S.J.PI-PI500; 6743    # 01; NOLIND-PI500; 771; TL; 110.8; 5.16; 2148.0; -94.2; 1.3; -; 94.3; -58.3; 0.851 Ind; 0.0; -57.0; 
5570; S.J.PI-PI500; 7190    # 05; GILBU2-PI500; 771; TL; 342.8; 14.28; 2400.0; 303.6; -85.4; 0.963 Ind; -301.8; -162.6; -; 1.8; -248.0; 
5570; S.J.PI-PI500; 8167    # 01; FV_SJP-PI500; 771; TL; 98.9; 23.26; 425.0; -83.6; 31.4; -; 83.6; -52.8; 0.845 Ind; 0.0; -21.4; 
5570; S.J.PI-PI500; 8198    # 02; LDVENT-PI500; 771; TL; 263.3; 15.84; 1662.0; -207.7; 39.3; -; 208.1; -161.3; 0.790 Ind; 0.5; -122.0; 
5570; S.J.PI-PI500; 42344    # 01; SJPIT1-PI000; 771; TRAFO; 58.5; 19.51; 300.0; -51.1; -27.6; -; 51.1; 28.5; 0.873 Cap; 0.0; 0.9; 
5570; S.J.PI-PI500; 43952    # 05; SJ-SB1-PI500; 771; SWITCH; 448.6; 29.61; 1515.0; 370.0; -143.8; 0.932 Ind; -370.0; 253.6; -; 0.0; 109.8; 
5570; S.J.PI-PI500; 43953    # 06; SJ-BEA-PI500; 771; SWITCH; 277.2; 18.30; 1515.0; -174.5; -105.6; -; 174.5; 215.4; 0.630 Cap; 0.0; 109.8; 
5570; S.J.PI-PI500; 44084    # 02; SJPIT2-PI000; 771; TRAFO; 58.5; 19.51; 300.0; -51.1; -27.6; -; 51.1; 28.5; 0.873 Cap; 0.0; 0.9; 
5571; S.J.PI-PI230; 5037    # 03; LBARRO-PI230; 772; TL; 87.3; 20.74; 421.0; -82.4; -29.1; -; 82.8; 10.6; 0.992 Cap; 0.4; -18.5; 
5571; S.J.PI-PI230; 5573    # 02; S.J.PI-PI069; 772; OLTC; 28.7; 86.99; 33.0; 28.0; 6.3; 0.975 Cap; -28.0; -4.2; -; 0.0; 2.1; 
5571; S.J.PI-PI230; 5573    # 03; S.J.PI-PI069; 772; OLTC; 10.5; 31.94; 33.0; 10.3; 2.3; 0.975 Cap; -10.3; -1.5; -; 0.0; 0.8; 
5571; S.J.PI-PI230; 5573    # 04; S.J.PI-PI069; 772; OLTC; 10.7; 32.38; 33.0; 10.4; 2.4; 0.975 Cap; -10.4; -1.6; -; 0.0; 0.8; 
5571; S.J.PI-PI230; 5671    # 01; PICOS--PI230; 772; TL; 32.2; 16.16; 199.0; 23.5; -22.0; 0.729 Ind; -23.3; 9.9; -; 0.2; -12.1; 
5571; S.J.PI-PI230; 5681    # 02; E.MART-PI230; 772; TL; 51.8; 26.02; 199.0; 42.5; -29.5; 0.821 Ind; -41.9; 3.4; -; 0.6; -26.2; 
5571; S.J.PI-PI230; 8409    # 01; GRAVIO-PI230; 772; SWITCH; 135.1; 1.35; 9999.0; -134.5; 12.2; -; 134.5; -12.2; 0.996 Ind; 0.0; 0.0; 
5571; S.J.PI-PI230; 42344    # 01; SJPIT1-PI000; 772; OLTC; 58.6; 19.54; 300.0; 51.1; 28.7; 0.872 Cap; -51.1; -28.5; -; 0.0; 0.2; 
5571; S.J.PI-PI230; 44084    # 02; SJPIT2-PI000; 772; OLTC; 58.6; 19.54; 300.0; 51.1; 28.7; 0.872 Cap; -51.1; -28.5; -; 0.0; 0.2; 
5572; SJ-SB1CAP500; 6300    # 05; SOBRAD-BA500; 771; TL; 430.1; 24.83; 1732.0; 370.0; -219.2; 0.860 Ind; -367.2; 187.2; -; 2.8; -31.9; 
5574; SJ-BEACAP500; 5510    # 06; B.ESPE-PI500; 771; TL; 265.9; 15.35; 1732.0; -174.5; -200.6; -; 175.2; 4.7; 1.000 Cap; 0.7; -196.0; 
5576; RG-SJ2CAP500; 5570    # 04; S.J.PI-PI500; 771; TL; 252.7; 12.69; 1992.0; 209.4; -141.4; 0.829 Ind; -208.3; -38.8; -; 1.1; -180.3; 
5577; SJ-SB2CAP500; 6300    # 02; SOBRAD-BA500; 771; TL; 496.1; 24.91; 1992.0; 476.1; 62.5; 0.991 Cap; -472.7; -150.5; -; 3.4; -88.0; 
5620; CHAP3B-PI034; 5622    # 01; CHAP3BEOL065; 772; TL; 37.0; 0.37; 9999.0; -34.4; 13.7; -; 34.5; -13.0; 0.936 Ind; 0.1; 0.7; 
5630; EDWIGE-PI138; 5632    # 01; EDWIGE-PI034; 772; TRAFO; 37.1; 0.37; 9999.0; -35.2; 11.5; -; 35.3; -11.4; 0.951 Ind; 0.1; 0.1; 
5632; EDWIGE-PI034; 6019    # 01; EDWIGEEOL044; 772; TL; 38.0; 0.38; 9999.0; -35.3; 11.4; -; 35.6; -13.3; 0.937 Ind; 0.3; -1.9; 
5669; VERONI-PI138; 5670    # 01; VERONI-PI034; 772; TRAFO; 28.5; 0.29; 9999.0; -26.6; 10.3; -; 26.6; -9.5; 0.941 Ind; 0.0; 0.7; 
5670; VERONI-PI034; 5672    # 01; VERONIEOL033; 772; TL; 30.3; 0.30; 9999.0; -26.6; 9.5; -; 26.7; -14.3; 0.881 Ind; 0.1; -4.8; 
5671; PICOS--PI230; 5611    # 03; TAUA2--CE230; 772; TL; 32.0; 12.78; 250.0; 26.0; -18.6; 0.812 Ind; -25.7; -12.4; -; 0.2; -31.1; 
5671; PICOS--PI230; 5673    # 01; PICOS--PI069; 772; OLTC; 37.0; 36.98; 100.0; 33.2; 16.3; 0.898 Cap; -33.2; -14.6; -; 0.0; 1.7; 
5671; PICOS--PI230; 5673    # 03; PICOS--PI069; 772; OLTC; 18.8; 37.51; 50.0; 16.8; 8.3; 0.898 Cap; -16.8; -7.4; -; 0.0; 0.9; 
5671; PICOS--PI230; 5673    # 04; PICOS--PI069; 772; OLTC; 18.3; 46.98; 39.0; 16.5; 8.1; 0.898 Cap; -16.5; -7.2; -; 0.0; 0.8; 
5671; PICOS--PI230; 5674    # 02; PICT2--PI000; 772; OLTC; 11.8; 30.31; 39.0; 11.2; -3.2; 0.962 Ind; -11.2; 3.7; -; 0.0; 0.5; 
5671; PICOS--PI230; 6631    # 01; CHAPA2-PI230; 772; TL; 81.6; 25.92; 315.0; -80.4; -5.6; -; 81.5; -3.9; 0.999 Ind; 1.1; -9.5; 
5673; PICOS--PI069; 5674    # 02; PICT2--PI000; 773; TRAFO; 11.8; 35.82; 33.0; -11.2; 3.7; -; 11.2; -3.7; 0.949 Ind; 0.0; -0.0; 
5675; PICT2--PI013; 5674    # 02; PICT2--PI000; 772; TRAFO; 0.0; 0.00; 23.0; 0.0; 0.0; -; 0.0; 0.0; -; 0.0; 0.0; 
5677; TERES2-PI069; 8471    # 09; TSD-T9-PI000; 773; TRAFO; 27.9; 18.61; 150.0; -25.5; -11.4; -; 25.5; 11.3; 0.914 Cap; 0.0; -0.1; 
5677; TERES2-PI069; 8472    # 10; TSDT10-PI000; 773; TRAFO; 25.9; 17.25; 150.0; -25.3; -5.3; -; 25.3; 5.2; 0.979 Cap; 0.0; -0.0; 
5678; B.ESPE-PI069; 8356    # 01; BEA.PI-PI069; 773; SWITCH; 47.2; 0.47; 9999.0; 44.8; 14.7; 0.950 Cap; -44.8; -14.7; -; 0.0; 0.0; 
5678; B.ESPE-PI069; 8357    # 01; BEA.MA-PI069; 773; SWITCH; 19.5; 0.20; 9999.0; 18.4; 6.6; 0.941 Cap; -18.4; -6.6; -; 0.0; 0.0; 
5678; B.ESPE-PI069; 8473    # 05; BEA-T5-PI000; 773; TRAFO; 33.4; 33.37; 100.0; -31.6; -10.7; -; 31.6; 10.5; 0.949 Cap; 0.0; -0.1; 
5678; B.ESPE-PI069; 8474    # 06; BEA-T6-PI000; 773; TRAFO; 33.3; 33.32; 100.0; -31.6; -10.6; -; 31.6; 10.5; 0.949 Cap; 0.0; -0.1; 
5679; PNBIII-PI500; 5176    # 01; TIANGD-CE500; 761; TL; 75.3; 2.90; 2598.0; -47.1; -58.8; -; 47.2; -20.4; 0.918 Ind; 0.0; -79.2; 
5679; PNBIII-PI500; 5684    # 01; BACAB--MA500; 771; TL; 117.4; 4.52; 2598.0; 88.7; -77.0; 0.755 Ind; -88.5; -65.1; -; 0.1; -142.1; 
5679; PNBIII-PI500; 5684    # 02; BACAB--MA500; 771; TL; 116.1; 4.47; 2598.0; 89.9; -73.4; 0.775 Ind; -89.8; -61.4; -; 0.1; -134.8; 
5679; PNBIII-PI500; 7249    # 03; PNB5T1-PI000; 771; OLTC; 37.6; 6.27; 600.0; -34.3; 15.5; -; 34.3; -15.1; 0.916 Ind; 0.0; 0.4; 
5679; PNBIII-PI500; 7250    # 04; PNB5T2-PI000; 771; OLTC; 37.6; 6.27; 600.0; -34.3; 15.5; -; 34.3; -15.1; 0.916 Ind; 0.0; 0.4; 
5679; PNBIII-PI500; 9525    # 10; PNB3--CER020; 771; TRAFO; 85.5; 28.49; 300.0; 0.0; 85.5; -; 0.0; -82.9; -; 0.0; 2.6; 
5679; PNBIII-PI500; 44671    # 01; RSFRAN-PI500; 771; TL; 223.0; 8.58; 2598.0; -62.8; -214.0; -; 62.9; 47.6; 0.797 Cap; 0.1; -166.3; 
5681; E.MART-PI230; 5683    # 01; E.MART-PI069; 772; OLTC; 9.2; 18.32; 50.0; 9.2; -0.1; 1.000 Ind; -9.2; 0.3; -; 0.0; 0.2; 
5681; E.MART-PI230; 5683    # 02; E.MART-PI069; 772; OLTC; 9.3; 18.69; 50.0; 9.3; 0.1; 1.000 Cap; -9.3; 0.1; -; 0.0; 0.2; 
5681; E.MART-PI230; 9526    # 03; EMART-CER006; 772; TRAFO; 3.2; 8.07; 40.0; 0.0; 3.2; -; 0.0; -3.2; -; 0.0; 0.0; 
5699; LVENT3-PI500; 7900    # 01; ROQUE1-PI034; 771; TRAFO; 61.7; 0.62; 9999.0; -59.2; 17.3; -; 59.2; -14.7; 0.971 Ind; 0.0; 2.6; 
5699; LVENT3-PI500; 7901    # 01; ROQUE2-PI034; 771; TRAFO; 61.7; 0.62; 9999.0; -59.2; 17.3; -; 59.2; -14.7; 0.971 Ind; 0.0; 2.6; 
5734; PNBIII-PI230; 7249    # 03; PNB5T1-PI000; 772; TRAFO; 37.5; 6.25; 600.0; 34.3; -15.1; 0.915 Ind; -34.3; 15.1; -; 0.0; -0.1; 
5734; PNBIII-PI230; 7250    # 04; PNB5T2-PI000; 772; TRAFO; 37.5; 6.25; 600.0; 34.3; -15.1; 0.915 Ind; -34.3; 15.1; -; 0.0; -0.1; 
5734; PNBIII-PI230; 44130    # 01; PNB4T1-PI000; 772; OLTC; 37.5; 25.01; 150.0; -34.3; 15.1; -; 34.3; -13.8; 0.928 Ind; 0.0; 1.3; 
5734; PNBIII-PI230; 44132    # 02; PNB4T2-PI000; 772; OLTC; 37.5; 25.01; 150.0; -34.3; 15.1; -; 34.3; -13.8; 0.928 Ind; 0.0; 1.3; 
5737; PNBIII-PI138; 44130    # 01; PNB4T1-PI000; 773; TRAFO; 37.1; 24.74; 150.0; 34.3; -14.0; 0.926 Ind; -34.3; 13.8; -; 0.0; -0.2; 
5737; PNBIII-PI138; 44132    # 02; PNB4T2-PI000; 773; TRAFO; 37.1; 24.74; 150.0; 34.3; -14.0; 0.926 Ind; -34.3; 13.8; -; 0.0; -0.2; 
5818; SGON-1UFV242; 8189    # 01; SGON-1-PI034; 771; TL; 66.1; 0.66; 9999.0; 66.1; -0.0; 1.000; -66.0; -2.8; -; 0.1; -2.8; 
5841; PACABA-CE500; 5370    # 01; PECEM2-CE500; 761; TL; 385.3; 15.05; 2560.0; -137.2; -360.1; -; 137.6; 257.0; 0.472 Cap; 0.4; -103.1; 
5841; PACABA-CE500; 5853    # 01; PACABA-CE230; 761; OLTC; 93.6; 15.60; 600.0; 87.9; 32.1; 0.939 Cap; -87.9; -30.1; -; 0.0; 2.0; 
5841; PACABA-CE500; 5853    # 02; PACABA-CE230; 761; OLTC; 93.6; 15.60; 600.0; 87.9; 32.1; 0.939 Cap; -87.9; -30.1; -; 0.0; 2.0; 
5841; PACABA-CE500; 5924    # 01; JAGUAD-CE500; 761; TL; 392.5; 15.10; 2600.0; -386.7; -67.1; -; 388.3; -6.1; 1.000 Ind; 1.5; -73.1; 
5924; JAGUAD-CE500; 5350    # 01; ACU3---RN500; 761; TL; 248.8; 9.57; 2600.0; -232.7; -88.1; -; 233.1; 49.1; 0.979 Cap; 0.4; -38.9; 
5924; JAGUAD-CE500; 5925    # 01; JAGUAD-CE230; 761; OLTC; 81.2; 10.82; 750.0; -77.8; -21.9; -; 77.8; 23.2; 0.958 Cap; 0.0; 1.2; 
5924; JAGUAD-CE500; 5925    # 02; JAGUAD-CE230; 761; OLTC; 81.2; 10.82; 750.0; -77.8; -21.9; -; 77.8; 23.2; 0.958 Cap; 0.0; 1.2; 
5924; JAGUAD-CE500; 5929    # 01; JAGUADCER013; 761; TRAFO; 19.2; 6.41; 300.0; 0.0; -19.0; -; 0.0; 19.2; -; 0.0; 0.2; 
6011; IBIAPI-CE230; 5491    # 01; PIRIPI-PI230; 772; TL; 23.3; 11.73; 199.0; 18.4; 0.1; 1.000 Cap; -18.4; -14.4; -; 0.1; -14.3; 
6017; SBASIL-PI230; 6018    # 01; SBASIL-PI138; 772; TRAFO; 69.2; 0.69; 9999.0; -62.0; 30.6; -; 62.0; -27.9; 0.912 Ind; 0.0; 2.8; 
6017; SBASIL-PI230; 6018    # 02; SBASIL-PI138; 772; TRAFO; 69.2; 0.69; 9999.0; -62.0; 30.6; -; 62.0; -27.9; 0.912 Ind; 0.0; 2.8; 
6018; SBASIL-PI138; 5298    # 01; FASEIIEOL077; 772; TRAFO; 71.3; 0.71; 9999.0; -62.3; 34.6; -; 62.3; -31.4; 0.893 Ind; 0.0; 3.2; 
6018; SBASIL-PI138; 5630    # 01; EDWIGE-PI138; 772; TL; 37.0; 0.37; 9999.0; -35.2; 11.4; -; 35.2; -11.5; 0.950 Ind; 0.0; -0.1; 
6018; SBASIL-PI138; 5669    # 01; VERONI-PI138; 772; TL; 28.5; 0.29; 9999.0; -26.6; 9.7; -; 26.6; -10.3; 0.933 Ind; 0.0; -0.6; 
6098; RGO-T1-PI000; 5432    # 01; RGONCA-PI069; 772; TRAFO; 1.3; 2.64; 50.0; 1.3; 0.1; 0.996 Cap; -1.3; -0.1; -; 0.0; 0.0; 
6098; RGO-T1-PI000; 6099    # 01; RGO-T1-PI013; 772; TRAFO; 0.0; 0.00; 1.0; 0.0; 0.0; -; 0.0; 0.0; -; 0.0; 0.0; 
6631; CHAPA2-PI230; 5305    # 01; CHAPA3-PI230; 772; TL; 23.9; 7.60; 315.0; -7.6; -22.7; -; 7.6; 20.1; 0.354 Cap; 0.0; -2.6; 
6631; CHAPA2-PI230; 6632    # 01; CHAP-1-PI034; 772; TRAFO; 37.8; 31.51; 120.0; -35.3; 13.6; -; 35.3; -11.9; 0.947 Ind; 0.0; 1.6; 
6631; CHAPA2-PI230; 6639    # 01; CHAP-2-PI034; 772; TRAFO; 28.4; 23.70; 120.0; -25.9; 11.7; -; 25.9; -10.8; 0.924 Ind; 0.0; 0.9; 
6632; CHAP-1-PI034; 6647    # 01; CP21.8EOL064; 772; TL; 37.3; 0.37; 9999.0; -35.3; 11.9; -; 35.5; -11.3; 0.953 Ind; 0.2; 0.7; 
6639; CHAP-2-PI034; 6648    # 01; CP21.7EOL051; 772; TL; 28.1; 0.28; 9999.0; -25.9; 10.8; -; 26.0; -10.2; 0.930 Ind; 0.1; 0.5; 
6640; CURRAL-PI500; 5325    # 01; QUEIMA-PI500; 771; TL; 310.0; 12.43; 2494.0; 263.1; -164.0; 0.849 Ind; -262.6; 80.1; -; 0.4; -83.9; 
6640; CURRAL-PI500; 5380    # 04; MLG2---CE500; 771; TL; 325.5; 16.34; 1992.0; 68.1; -318.3; 0.209 Ind; -67.8; 71.5; -; 0.3; -246.7; 
6640; CURRAL-PI500; 44527    # 04; CNP-T4-PI000; 771; OLTC; 427.7; 71.28; 600.0; -109.8; -371.8; -; 109.8; 413.3; 0.257 Cap; 0.0; 41.6; 
6641; CURRAL-PI230; 5303    # 03; CHAPA1-PI230; 772; TL; 48.3; 0.48; 9999.0; 6.2; 39.3; 0.157 Cap; -6.0; -48.0; -; 0.2; -8.7; 
6641; CURRAL-PI230; 5305    # 02; CHAPA3-PI230; 772; TL; 32.8; 11.55; 284.0; 4.7; 19.0; 0.242 Cap; -4.6; -32.5; -; 0.1; -13.5; 
6641; CURRAL-PI230; 6017    # 04; SBASIL-PI230; 772; TL; 69.2; 0.69; 9999.0; -61.8; 7.8; -; 62.0; -30.6; 0.897 Ind; 0.2; -22.9; 
6641; CURRAL-PI230; 6017    # 05; SBASIL-PI230; 772; TL; 69.2; 0.69; 9999.0; -61.8; 7.8; -; 62.0; -30.6; 0.897 Ind; 0.2; -22.9; 
6641; CURRAL-PI230; 6640    # 01; CURRAL-PI500; 772; OLTC; 222.9; 37.15; 600.0; 92.2; -189.9; 0.437 Ind; -92.2; 202.9; -; 0.0; 13.0; 
6641; CURRAL-PI230; 6640    # 02; CURRAL-PI500; 772; OLTC; 222.9; 37.15; 600.0; 92.2; -189.9; 0.437 Ind; -92.2; 202.9; -; 0.0; 13.0; 
6641; CURRAL-PI230; 6640    # 03; CURRAL-PI500; 772; OLTC; 264.2; 44.03; 600.0; 107.3; -226.1; 0.429 Ind; -107.2; 241.5; -; 0.1; 15.4; 
6641; CURRAL-PI230; 6665    # 06; ARA3---PI230; 772; TL; 137.0; 36.04; 380.0; -106.0; 81.0; -; 106.6; -86.0; 0.778 Ind; 0.6; -5.1; 
6641; CURRAL-PI230; 7257    # 01; VPII---PI230; 772; TL; 64.1; 0.64; 9999.0; -61.6; 17.0; -; 61.6; -17.7; 0.961 Ind; 0.0; -0.7; 
6641; CURRAL-PI230; 7271    # 01; VPIII--PI230; 772; TL; 62.6; 0.63; 9999.0; -60.2; 15.5; -; 60.3; -16.9; 0.963 Ind; 0.1; -1.5; 
6641; CURRAL-PI230; 44527    # 04; CNP-T4-PI000; 772; TRAFO; 427.7; 71.28; 600.0; 109.8; 409.8; 0.259 Cap; -109.8; -413.3; -; 0.0; -3.5; 
6651; TRT-T1-PI000; 5323    # 01; TRT----PI069; 772; TRAFO; 71.3; 35.66; 200.0; 67.2; 24.0; 0.942 Cap; -67.1; -20.9; -; 0.1; 3.1; 
6651; TRT-T1-PI000; 6652    # 01; TRT-T1-PI013; 772; TRAFO; 0.0; 0.00; 2.0; 0.0; 0.0; -; 0.0; 0.0; -; 0.0; 0.0; 
6665; ARA3---PI230; 6670    # 01; AR3T11-PI000; 772; TRAFO; 69.6; 0.70; 9999.0; -53.3; 44.0; -; 53.3; -44.7; 0.766 Ind; 0.0; -0.8; 
6665; ARA3---PI230; 6671    # 01; ARA3T2-PI000; 772; TRAFO; 67.9; 0.68; 9999.0; -53.2; 42.1; -; 53.2; -41.5; 0.789 Ind; 0.0; 0.6; 
6666; ARA3-C-PI034; 6672    # 01; ARA3C-EOL041; 772; TL; 34.5; 0.35; 9999.0; -28.0; 20.1; -; 28.2; -19.3; 0.825 Ind; 0.2; 0.8; 
6666; ARA3-C-PI034; 44893    # 01; AR3T12-PI000; 772; TRAFO; 35.3; 29.43; 120.0; 28.0; -20.1; 0.813 Ind; -28.0; 21.5; -; 0.0; 1.4; 
6667; ARA3-D-PI034; 6673    # 01; ARA3D-EOL037; 772; TL; 32.8; 0.33; 9999.0; -25.3; 20.8; -; 25.5; -20.0; 0.786 Ind; 0.2; 0.8; 
6667; ARA3-D-PI034; 44894    # 01; AR3T13-PI000; 772; TRAFO; 33.6; 27.97; 120.0; 25.3; -20.8; 0.772 Ind; -25.3; 22.1; -; 0.0; 1.2; 
6668; ARA3-B-PI034; 6674    # 01; ARA3B-EOL037; 772; TL; 31.9; 0.32; 9999.0; -25.4; 19.4; -; 25.5; -18.6; 0.807 Ind; 0.1; 0.8; 
6669; ARA3-A-PI034; 6675    # 01; ARA3A-EOL041; 772; TL; 34.1; 0.34; 9999.0; -27.9; 19.7; -; 28.0; -18.9; 0.829 Ind; 0.1; 0.9; 
6670; AR3T11-PI000; 44893    # 01; AR3T12-PI000; 772; TRAFO; 37.1; 0.37; 9999.0; -28.5; 23.8; -; 28.5; -23.2; 0.776 Ind; 0.0; 0.6; 
6670; AR3T11-PI000; 44895    # 01; AR3T14-PI000; 772; TRAFO; 32.5; 0.32; 9999.0; -24.8; 20.9; -; 24.8; -20.8; 0.766 Ind; 0.0; 0.1; 
6671; ARA3T2-PI000; 6668    # 01; ARA3-B-PI034; 772; TRAFO; 32.6; 0.33; 9999.0; -25.4; 20.5; -; 25.4; -19.4; 0.794 Ind; 0.0; 1.1; 
6671; ARA3T2-PI000; 6669    # 01; ARA3-A-PI034; 772; TRAFO; 34.9; 0.35; 9999.0; -27.9; 21.0; -; 27.9; -19.7; 0.817 Ind; 0.0; 1.3; 
6705; CHAPNH-PI230; 6641    # 07; CURRAL-PI230; 772; TL; 61.8; 22.30; 277.0; 61.1; -8.9; 0.989 Ind; -61.1; 8.9; -; 0.0; -0.1; 
6705; CHAPNH-PI230; 6706    # 01; CHAPN1-PI034; 772; OLTC; 26.4; 22.04; 120.0; -26.2; 3.6; -; 26.2; -2.8; 0.994 Ind; 0.0; 0.8; 
6705; CHAPNH-PI230; 6707    # 01; CHAPN2-PI034; 772; OLTC; 35.3; 29.45; 120.0; -34.9; 5.4; -; 34.9; -4.0; 0.994 Ind; 0.0; 1.4; 
6708; VSVB1-EOL042; 6706    # 01; CHAPN1-PI034; 772; TL; 26.9; 0.27; 9999.0; 26.4; -5.2; 0.981 Ind; -26.2; 2.8; -; 0.2; -2.4; 
6709; VSVB2-EOL056; 6707    # 01; CHAPN2-PI034; 772; TL; 35.9; 0.36; 9999.0; 35.2; -7.1; 0.980 Ind; -34.9; 4.0; -; 0.3; -3.2; 
6743; NOLIND-PI500; 6744    # 01; NOLNB1-PI034; 771; TRAFO; 55.6; 39.75; 140.0; -47.1; 29.6; -; 47.1; -26.7; 0.870 Ind; 0.0; 2.8; 
6743; NOLIND-PI500; 6745    # 01; NOLNB2-PI034; 771; TRAFO; 55.2; 39.43; 140.0; -47.1; 28.7; -; 47.1; -26.0; 0.876 Ind; 0.0; 2.8; 
6744; NOLNB1-PI034; 6746    # 01; NOLN08UFV112; 771; TL; 55.3; 0.55; 9999.0; -47.1; 26.7; -; 47.2; -28.9; 0.853 Ind; 0.1; -2.2; 
6745; NOLNB2-PI034; 6747    # 01; NOLN12UFV112; 771; TL; 55.2; 0.55; 9999.0; -47.1; 26.0; -; 47.2; -28.6; 0.855 Ind; 0.1; -2.7; 
7181; B.JESU-PI230; 5681    # 03; E.MART-PI230; 772; TL; 28.8; 11.02; 261.0; -23.3; -16.9; -; 23.4; -6.6; 0.962 Ind; 0.1; -23.6; 
7181; B.JESU-PI230; 44027    # 01; BJE-T1-PI000; 772; OLTC; 5.9; 11.71; 50.0; 5.7; 1.3; 0.974 Cap; -5.7; -1.2; -; 0.0; 0.1; 
7181; B.JESU-PI230; 44029    # 02; BJE-T2-PI000; 772; OLTC; 5.9; 11.71; 50.0; 5.7; 1.3; 0.974 Cap; -5.7; -1.2; -; 0.0; 0.1; 
7183; B.JESU-PI069; 44027    # 01; BJE-T1-PI000; 773; TRAFO; 5.8; 11.67; 50.0; -5.7; -1.3; -; 5.7; 1.2; 0.977 Cap; 0.0; -0.0; 
7183; B.JESU-PI069; 44029    # 02; BJE-T2-PI000; 773; TRAFO; 5.8; 11.67; 50.0; -5.7; -1.3; -; 5.7; 1.2; 0.977 Cap; 0.0; -0.0; 
7190; GILBU2-PI500; 7191    # 01; GILBUE-PI230; 771; OLTC; 22.7; 9.06; 250.0; 9.9; -20.1; 0.441 Ind; -9.9; 20.4; -; 0.0; 0.3; 
7190; GILBU2-PI500; 8188    # 04; S.GONC-PI500; 771; TL; 359.5; 3.60; 9999.0; -354.5; -60.1; -; 354.9; 14.6; 0.999 Cap; 0.4; -45.5; 
7191; GILBUE-PI230; 7181    # 01; B.JESU-PI230; 772; TL; 18.2; 5.57; 327.0; -11.8; -13.9; -; 11.9; -10.7; 0.741 Ind; 0.0; -24.6; 
7191; GILBUE-PI230; 44035    # 01; GID-T1-PI000; 772; OLTC; 11.4; 22.89; 50.0; 10.9; -3.3; 0.958 Ind; -10.9; 3.6; -; 0.0; 0.4; 
7191; GILBUE-PI230; 44037    # 02; GID-T2-PI000; 772; OLTC; 11.4; 22.89; 50.0; 10.9; -3.3; 0.958 Ind; -10.9; 3.6; -; 0.0; 0.4; 
7193; GILBUE-PI069; 44035    # 01; GID-T1-PI000; 773; TRAFO; 11.4; 22.89; 50.0; -10.8; 3.6; -; 10.9; -3.6; 0.948 Ind; 0.0; -0.0; 
7193; GILBUE-PI069; 44037    # 02; GID-T2-PI000; 773; TRAFO; 11.4; 22.89; 50.0; -10.8; 3.6; -; 10.9; -3.6; 0.948 Ind; 0.0; -0.0; 
7197; GB-BR-CAP500; 6446    # 02; BR-GB-CAP500; 771; TL; 1114.4; 38.13; 2923.0; 1097.9; -190.9; 0.985 Ind; -1078.6; 172.0; -; 19.4; -18.8; 
7251; PNB5T1-PI013; 7249    # 03; PNB5T1-PI000; 771; TRAFO; 0.0; 0.00; 67.2; 0.0; 0.0; -; 0.0; 0.0; -; 0.0; 0.0; 
7252; PNB5T2-PI013; 7250    # 04; PNB5T2-PI000; 771; TRAFO; 0.0; 0.00; 67.2; 0.0; 0.0; -; 0.0; 0.0; -; 0.0; 0.0; 
7257; VPII---PI230; 7258    # 01; VPII---PI000; 772; TRAFO; 64.1; 0.64; 9999.0; -61.6; 17.7; -; 61.6; -17.6; 0.961 Ind; 0.0; 0.1; 
7258; VPII---PI000; 7259    # 01; VPII1--PI034; 772; TRAFO; 30.0; 0.30; 9999.0; -28.9; 8.2; -; 28.9; -7.7; 0.967 Ind; 0.0; 0.5; 
7258; VPII---PI000; 7260    # 01; VPII2--PI034; 772; TRAFO; 34.0; 0.34; 9999.0; -32.7; 9.4; -; 32.7; -8.7; 0.966 Ind; 0.0; 0.7; 
7259; VPII1--PI034; 7269    # 01; VPII--EOL022; 772; TL; 29.9; 0.30; 9999.0; -28.9; 7.7; -; 29.0; -7.2; 0.971 Ind; 0.1; 0.5; 
7260; VPII2--PI034; 7270    # 01; VPII--EOL025; 772; TL; 34.0; 0.34; 9999.0; -32.7; 8.7; -; 33.0; -8.2; 0.970 Ind; 0.3; 0.5; 
7271; VPIII--PI230; 7272    # 01; VPIII--PI000; 772; TRAFO; 62.6; 0.63; 9999.0; -60.3; 16.9; -; 60.3; -16.9; 0.963 Ind; 0.0; 0.1; 
7272; VPIII--PI000; 7273    # 01; VPIII1-PI034; 772; TRAFO; 28.5; 0.29; 9999.0; -27.5; 7.8; -; 27.5; -7.3; 0.966 Ind; 0.0; 0.5; 
7272; VPIII--PI000; 7274    # 01; VPIII2-PI034; 772; TRAFO; 34.1; 0.34; 9999.0; -32.8; 9.1; -; 32.8; -8.4; 0.969 Ind; 0.0; 0.7; 
7273; VPIII1-PI034; 7275    # 01; VPIII-EOL021; 772; TL; 28.5; 0.29; 9999.0; -27.5; 7.3; -; 27.7; -6.9; 0.970 Ind; 0.2; 0.4; 
7274; VPIII2-PI034; 7276    # 01; VPIII-EOL025; 772; TL; 33.9; 0.34; 9999.0; -32.8; 8.4; -; 33.0; -7.9; 0.973 Ind; 0.2; 0.5; 
7900; ROQUE1-PI034; 7902    # 01; ROQUE1EOL036; 771; TL; 61.7; 0.62; 9999.0; -59.2; 14.7; -; 59.4; -16.8; 0.962 Ind; 0.2; -2.1; 
7901; ROQUE2-PI034; 7903    # 01; ROQUE2EOL036; 771; TL; 61.7; 0.62; 9999.0; -59.2; 14.7; -; 59.4; -16.8; 0.962 Ind; 0.2; -2.1; 
7961; TGD-T1-CE013; 7959    # 01; TGD-T1-CE000; 761; TRAFO; 0.0; 0.00; 2.0; 0.0; 0.0; -; 0.0; 0.0; -; 0.0; 0.0; 
7962; TGD-T2-CE013; 7960    # 02; TGD-T2-CE000; 761; TRAFO; 0.0; 0.00; 2.0; 0.0; 0.0; -; 0.0; 0.0; -; 0.0; 0.0; 
7997; UFVRG2-PI034; 7998    # 01; RGONC2UFV038; 772; TL; 57.6; 0.58; 9999.0; -57.0; 4.2; -; 57.2; -6.5; 0.994 Ind; 0.2; -2.3; 
8167; FV_SJP-PI500; 8168    # 01; FV_SJP-PI034; 771; TRAFO; 98.9; 27.46; 360.0; -83.6; 52.8; -; 83.6; -49.3; 0.861 Ind; 0.0; 3.4; 
8168; FV_SJP-PI034; 5957    # 01; FVSJP-UFV128; 771; TL; 97.1; 0.97; 9999.0; -83.6; 49.3; -; 83.7; -48.9; 0.863 Ind; 0.1; 0.4; 
8188; S.GONC-PI500; 8366    # 01; SGT1-1-PI000; 771; TRAFO; 132.1; 1.32; 9999.0; -132.0; 2.8; -; 132.0; -3.5; 1.000 Ind; 0.0; -0.7; 
8188; S.GONC-PI500; 8367    # 02; SGT2-1-PI000; 771; TRAFO; 126.4; 1.26; 9999.0; -126.4; 2.4; -; 126.4; -3.0; 1.000 Ind; 0.0; -0.6; 
8188; S.GONC-PI500; 8952    # 03; SGT3-1-PI000; 771; TRAFO; 98.5; 0.98; 9999.0; -96.5; -19.7; -; 96.5; 19.3; 0.980 Cap; 0.0; -0.4; 
8198; LDVENT-PI500; 8728    # 03; LDVENT-PI138; 771; TRAFO; 82.4; 29.62; 278.0; -71.4; 41.0; -; 71.5; -37.9; 0.883 Ind; 0.1; 3.1; 
8198; LDVENT-PI500; 8735    # 01; LDVET1-PI000; 771; TRAFO; 90.1; 35.32; 255.0; -69.2; 57.6; -; 69.2; -57.3; 0.770 Ind; 0.0; 0.3; 
8198; LDVENT-PI500; 8736    # 02; LDVET2-PI000; 771; TRAFO; 92.1; 36.11; 255.0; -67.5; 62.6; -; 67.5; -62.3; 0.735 Ind; 0.0; 0.3; 
8199; LDVENT-PI034; 5905    # 01; VSANGEEOL039; 771; TL; 44.3; 0.44; 9999.0; -34.9; 27.2; -; 36.0; -25.5; 0.816 Ind; 1.1; 1.7; 
8199; LDVENT-PI034; 8735    # 01; LDVET1-PI000; 771; TRAFO; 45.4; 35.77; 127.0; 34.9; -27.2; 0.789 Ind; -34.9; 29.1; -; 0.0; 1.9; 
8329; SGON-2UFV242; 8368    # 01; SGON-2-PI034; 771; TL; 66.1; 0.66; 9999.0; 66.1; -0.0; 1.000; -66.0; -1.5; -; 0.1; -1.5; 
8338; OITIS--PI500; 8339    # 01; OITIS1-PI034; 771; TRAFO; 62.4; 0.62; 9999.0; -59.2; 19.6; -; 59.2; -18.7; 0.954 Ind; 0.0; 0.9; 
8338; OITIS--PI500; 8788    # 01; OITIS2-PI034; 771; TRAFO; 60.7; 0.61; 9999.0; -57.5; 19.4; -; 57.5; -18.5; 0.952 Ind; 0.0; 0.9; 
8338; OITIS--PI500; 8789    # 01; OITIS3-PI034; 771; TRAFO; 54.9; 0.55; 9999.0; -52.6; 15.7; -; 52.6; -15.0; 0.962 Ind; 0.0; 0.7; 
8339; OITIS1-PI034; 8340    # 01; OITI1-EOL036; 771; TL; 62.9; 0.63; 9999.0; -59.2; 18.7; -; 59.4; -20.8; 0.944 Ind; 0.2; -2.1; 
8366; SGT1-1-PI000; 8432    # 01; SGT1-2-PI000; 771; TRAFO; 66.0; 0.66; 9999.0; -66.0; 1.7; -; 66.0; -0.9; 1.000 Ind; 0.0; 0.8; 
8366; SGT1-1-PI000; 8434    # 01; SGT1-4-PI000; 771; TRAFO; 66.0; 0.66; 9999.0; -66.0; 1.7; -; 66.0; -1.7; 1.000 Ind; 0.0; 0.0; 
8367; SGT2-1-PI000; 8436    # 02; SGT2-2-PI000; 771; TRAFO; 63.2; 0.63; 9999.0; -63.2; 1.5; -; 63.2; -0.8; 1.000 Ind; 0.0; 0.7; 
8367; SGT2-1-PI000; 8438    # 02; SGT2-4-PI000; 771; TRAFO; 63.2; 0.63; 9999.0; -63.2; 1.5; -; 63.2; -1.5; 1.000 Ind; 0.0; 0.0; 
8372; SGON-3UFV242; 8369    # 01; SGON-3-PI034; 771; TL; 66.1; 0.66; 9999.0; 66.1; 0.0; 1.000; -66.0; -2.4; -; 0.1; -2.4; 
8373; SGON-4UFV238; 8370    # 01; SGON-4-PI034; 771; TL; 60.5; 0.61; 9999.0; 60.5; 0.0; 1.000; -60.4; -1.7; -; 0.1; -1.7; 
8409; GRAVIO-PI230; 8410    # 01; GRAVI1-PI034; 772; TRAFO; 67.5; 38.60; 175.0; -67.3; 6.1; -; 67.3; -1.8; 1.000 Ind; 0.0; 4.3; 
8409; GRAVIO-PI230; 8786    # 01; GRAVI2-PI034; 772; TRAFO; 67.5; 38.60; 175.0; -67.3; 6.1; -; 67.3; -1.8; 1.000 Ind; 0.0; 4.3; 
8410; GRAVI1-PI034; 8411    # 01; GRAV12UFV100; 772; TL; 67.6; 0.68; 9999.0; -67.3; 1.8; -; 67.5; -3.5; 0.999 Ind; 0.2; -1.7; 
8432; SGT1-2-PI000; 8189    # 01; SGON-1-PI034; 771; TRAFO; 66.0; 0.66; 9999.0; -66.0; 0.3; -; 66.0; 2.8; 0.999 Cap; 0.0; 3.0; 
8432; SGT1-2-PI000; 8433    # 01; SGT1-3-PI000; 771; TRAFO; 0.6; 0.01; 9999.0; -0.0; 0.6; -; 0.0; -0.6; 0.050 Ind; 0.0; 0.0; 
8433; SGT1-3-PI000; 8368    # 01; SGON-2-PI034; 771; TRAFO; 66.0; 0.66; 9999.0; -66.0; 1.6; -; 66.0; 1.5; 1.000 Cap; 0.0; 3.1; 
8433; SGT1-3-PI000; 8434    # 01; SGT1-4-PI000; 771; TRAFO; 66.0; 0.66; 9999.0; 66.0; -0.9; 1.000 Ind; -66.0; 1.7; -; 0.0; 0.8; 
8434; SGT1-4-PI000; 8435    # 01; SGONT1-PI013; 771; TRAFO; 0.0; 0.00; 9999.0; 0.0; 0.0; -; 0.0; 0.0; -; 0.0; 0.0; 
8436; SGT2-2-PI000; 8369    # 02; SGON-3-PI034; 771; TRAFO; 66.0; 0.66; 9999.0; -66.0; 0.7; -; 66.0; 2.4; 0.999 Cap; 0.0; 3.0; 
8436; SGT2-2-PI000; 8437    # 02; SGT2-3-PI000; 771; TRAFO; 2.8; 0.03; 9999.0; 2.8; 0.1; 0.999 Cap; -2.8; -0.1; -; 0.0; 0.0; 
8437; SGT2-3-PI000; 8370    # 02; SGON-4-PI034; 771; TRAFO; 60.4; 0.60; 9999.0; -60.4; 0.8; -; 60.4; 1.7; 1.000 Cap; 0.0; 2.6; 
8437; SGT2-3-PI000; 8438    # 02; SGT2-4-PI000; 771; TRAFO; 63.2; 0.63; 9999.0; 63.2; -0.8; 1.000 Ind; -63.2; 1.5; -; 0.0; 0.7; 
8438; SGT2-4-PI000; 8439    # 02; SGONT2-PI013; 771; TRAFO; 0.0; 0.00; 9999.0; 0.0; 0.0; -; 0.0; 0.0; -; 0.0; 0.0; 
8467; TSD-T9-PI013; 8471    # 09; TSD-T9-PI000; 772; TRAFO; 0.0; 0.00; 1.0; 0.0; 0.0; -; 0.0; 0.0; -; 0.0; 0.0; 
8468; TSDT10-PI013; 8472    # 10; TSDT10-PI000; 772; TRAFO; 0.0; 0.00; 1.0; 0.0; 0.0; -; 0.0; 0.0; -; 0.0; 0.0; 
8469; BEA-T5-PI013; 8473    # 05; BEA-T5-PI000; 772; TRAFO; 0.0; 0.00; 1.0; 0.0; 0.0; -; 0.0; 0.0; -; 0.0; 0.0; 
8470; BEA-T6-PI013; 8474    # 06; BEA-T6-PI000; 772; TRAFO; 0.0; 0.00; 1.0; 0.0; 0.0; -; 0.0; 0.0; -; 0.0; 0.0; 
8728; LDVENT-PI138; 8729    # 01; LDVEN1-PI138; 771; TL; 81.0; 31.28; 259.0; -71.5; 37.9; -; 71.9; -37.4; 0.887 Ind; 0.4; 0.5; 
8729; LDVEN1-PI138; 8737    # 04; LDVET3-PI000; 771; TRAFO; 81.0; 29.14; 278.0; -71.9; 37.4; -; 71.9; -37.1; 0.889 Ind; 0.0; 0.3; 
8730; LDVEN1-PI034; 8724    # 01; VSANG1EOL038; 771; TL; 43.3; 0.43; 9999.0; -34.3; 26.4; -; 35.4; -24.7; 0.821 Ind; 1.1; 1.8; 
8730; LDVEN1-PI034; 8735    # 01; LDVET1-PI000; 771; TRAFO; 44.4; 34.98; 127.0; 34.3; -26.4; 0.793 Ind; -34.3; 28.2; -; 0.0; 1.8; 
8731; LDVEN2-PI034; 8328    # 01; VSANG2EOL038; 771; TL; 43.4; 0.43; 9999.0; -34.3; 26.6; -; 35.4; -24.9; 0.818 Ind; 1.1; 1.7; 
8731; LDVEN2-PI034; 8736    # 02; LDVET2-PI000; 771; TRAFO; 44.5; 35.07; 127.0; 34.3; -26.6; 0.790 Ind; -34.3; 28.4; -; 0.0; 1.8; 
8732; LDVEN3-PI034; 8725    # 01; VSANG3EOL037; 771; TL; 46.0; 0.46; 9999.0; -33.3; 31.8; -; 34.5; -30.1; 0.753 Ind; 1.2; 1.6; 
8732; LDVEN3-PI034; 8736    # 02; LDVET2-PI000; 771; TRAFO; 47.4; 37.35; 127.0; 33.3; -31.8; 0.724 Ind; -33.3; 33.8; -; 0.0; 2.1; 
8733; LDVEN4-PI034; 8726    # 01; VSANG4EOL038; 771; TL; 39.0; 0.39; 9999.0; -35.0; 16.5; -; 35.9; -15.1; 0.922 Ind; 0.9; 1.4; 
8733; LDVEN4-PI034; 8737    # 04; LDVET3-PI000; 771; TRAFO; 39.3; 28.24; 139.0; 35.0; -16.5; 0.904 Ind; -35.0; 17.8; -; 0.0; 1.3; 
8734; LDVEN5-PI034; 8727    # 01; VSANG5EOL040; 771; TL; 41.3; 0.41; 9999.0; -36.9; 17.8; -; 37.8; -16.7; 0.914 Ind; 0.9; 1.1; 
8734; LDVEN5-PI034; 8737    # 04; LDVET3-PI000; 771; TRAFO; 41.6; 29.94; 139.0; 36.9; -17.8; 0.900 Ind; -36.9; 19.3; -; 0.0; 1.4; 
8767; SGON-5-PI034; 8766    # 01; SGON-5UFV048; 771; TL; 39.2; 0.39; 9999.0; -38.6; 4.2; -; 38.7; -6.0; 0.988 Ind; 0.1; -1.9; 
8769; UFVRGC-PI034; 8768    # 01; RGONCAUFV033; 772; TL; 50.3; 0.50; 9999.0; -49.6; 5.1; -; 49.7; -7.7; 0.988 Ind; 0.1; -2.6; 
8770; UFVRGC-PI230; 7997    # 01; UFVRG2-PI034; 772; TRAFO; 57.9; 0.58; 9999.0; -57.0; 10.0; -; 57.0; -4.2; 0.997 Ind; 0.0; 5.8; 
8770; UFVRGC-PI230; 8769    # 01; UFVRGC-PI034; 772; TRAFO; 50.4; 0.50; 9999.0; -49.6; 8.9; -; 49.6; -5.1; 0.995 Ind; 0.0; 3.8; 
8786; GRAVI2-PI034; 8787    # 01; GRAV34UFV100; 772; TL; 67.6; 0.68; 9999.0; -67.3; 1.8; -; 67.5; -3.5; 0.999 Ind; 0.2; -1.7; 
8788; OITIS2-PI034; 8771    # 01; OITI2-EOL035; 771; TL; 61.3; 0.61; 9999.0; -57.5; 18.5; -; 57.7; -20.7; 0.941 Ind; 0.2; -2.2; 
8789; OITIS3-PI034; 8790    # 01; OITI3-EOL032; 771; TL; 55.6; 0.56; 9999.0; -52.6; 15.0; -; 52.8; -17.4; 0.950 Ind; 0.2; -2.4; 
8950; SGON-6UFV072; 8951    # 01; SGON-6-PI034; 771; TL; 58.8; 0.59; 9999.0; 58.0; -9.9; 0.986 Ind; -57.8; 5.6; -; 0.2; -4.2; 
8952; SGT3-1-PI000; 8953    # 03; SGT3-2-PI000; 771; TRAFO; 49.3; 0.49; 9999.0; -48.2; -9.7; -; 48.2; 10.1; 0.979 Cap; 0.0; 0.4; 
8952; SGT3-1-PI000; 8955    # 03; SGT3-4-PI000; 771; TRAFO; 49.2; 0.49; 9999.0; -48.2; -9.7; -; 48.2; 9.7; 0.980 Cap; 0.0; 0.0; 
8953; SGT3-2-PI000; 8767    # 03; SGON-5-PI034; 771; TRAFO; 40.6; 0.41; 9999.0; -38.6; -11.5; -; 38.6; 12.6; 0.950 Cap; 0.0; 1.1; 
8953; SGT3-2-PI000; 8954    # 03; SGT3-3-PI000; 771; TRAFO; 9.7; 0.10; 9999.0; -9.6; 1.4; -; 9.6; -1.4; 0.990 Ind; 0.0; 0.0; 
8954; SGT3-3-PI000; 8951    # 03; SGON-6-PI034; 771; TRAFO; 58.9; 0.59; 9999.0; -57.8; -8.7; -; 57.8; 11.1; 0.982 Cap; 0.0; 2.4; 
8954; SGT3-3-PI000; 8955    # 03; SGT3-4-PI000; 771; TRAFO; 49.3; 0.49; 9999.0; 48.2; 10.1; 0.979 Cap; -48.2; -9.7; -; 0.0; 0.4; 
8955; SGT3-4-PI000; 8956    # 03; SGONT3-PI013; 771; TRAFO; 0.0; 0.00; 9999.0; 0.0; 0.0; -; 0.0; 0.0; -; 0.0; 0.0; 
42309; MLG5T1-CE013; 42308    # 01; MLG5T1-CE000; 761; TRAFO; 0.0; 0.00; 600.0; 0.0; 0.0; -; 0.0; 0.0; -; 0.0; 0.0; 
42311; MLG5T6-CE013; 42310    # 06; MLG5T6-CE000; 761; TRAFO; 0.0; 0.00; 600.0; 0.0; 0.0; -; 0.0; 0.0; -; 0.0; 0.0; 
42313; MLG5T7-CE013; 42312    # 07; MLG5T7-CE000; 761; TRAFO; 0.0; 0.00; 600.0; 0.0; 0.0; -; 0.0; 0.0; -; 0.0; 0.0; 
42327; PCD-T1-CE013; 42326    # 01; PCD-T1-CE000; 761; TRAFO; 0.0; 0.00; 1200.0; 0.0; 0.0; -; 0.0; 0.0; -; 0.0; 0.0; 
42329; PCD-T2-CE013; 42328    # 02; PCD-T2-CE000; 761; TRAFO; 0.0; 0.00; 1200.0; 0.0; 0.0; -; 0.0; 0.0; -; 0.0; 0.0; 
42331; PCD-T3-CE013; 42330    # 03; PCD-T3-CE000; 761; TRAFO; 0.0; 0.00; 1200.0; 0.0; 0.0; -; 0.0; 0.0; -; 0.0; 0.0; 
42332; FTD5T1-CE000; 42333    # 01; FTD5T1-CE013; 761; TRAFO; 0.0; 0.00; 600.0; 0.0; 0.0; -; 0.0; 0.0; -; 0.0; 0.0; 
42334; FTD5T2-CE000; 42335    # 02; FTD5T2-CE013; 761; TRAFO; 0.0; 0.00; 600.0; 0.0; 0.0; -; 0.0; 0.0; -; 0.0; 0.0; 
42336; FTD5T3-CE000; 42337    # 03; FTD5T3-CE013; 761; TRAFO; 0.0; 0.00; 600.0; 0.0; 0.0; -; 0.0; 0.0; -; 0.0; 0.0; 
42338; FTD5T4-CE000; 42339    # 04; FTD5T4-CE013; 761; TRAFO; 0.0; 0.00; 600.0; 0.0; 0.0; -; 0.0; 0.0; -; 0.0; 0.0; 
42340; SBT-T1-CE000; 42341    # 01; SBT-T1-CE013; 761; TRAFO; 0.0; 0.00; 600.0; 0.0; 0.0; -; 0.0; 0.0; -; 0.0; 0.0; 
42342; SBT-T2-CE000; 42343    # 02; SBT-T2-CE013; 761; TRAFO; 0.0; 0.00; 600.0; 0.0; 0.0; -; 0.0; 0.0; -; 0.0; 0.0; 
42345; SJPIT1-PI013; 42344    # 01; SJPIT1-PI000; 771; TRAFO; 0.0; 0.00; 300.0; 0.0; 0.0; -; 0.0; 0.0; -; 0.0; 0.0; 
43981; BEA-T1-PI013; 43980    # 01; BEA-T1-PI000; 771; TRAFO; 0.0; 0.00; 300.0; 0.0; 0.0; -; 0.0; 0.0; -; 0.0; 0.0; 
44001; TSD-T1-PI000; 44002    # 01; TSD-T1-PI013; 771; TRAFO; 0.0; 0.00; 300.0; 0.0; 0.0; -; 0.0; 0.0; -; 0.0; 0.0; 
44003; TSD-T2-PI000; 44004    # 02; TSD-T2-PI013; 771; TRAFO; 0.0; 0.00; 300.0; 0.0; 0.0; -; 0.0; 0.0; -; 0.0; 0.0; 
44005; TSD-T4-PI000; 44006    # 04; TSD-T4-PI013; 771; TRAFO; 0.0; 0.00; 300.0; 0.0; 0.0; -; 0.0; 0.0; -; 0.0; 0.0; 
44007; TRT-T2-PI000; 44008    # 02; TRT-T2-PI013; 772; TRAFO; 0.0; 0.00; 200.0; 0.0; 0.0; -; 0.0; 0.0; -; 0.0; 0.0; 
44028; BJE-T1-PI013; 44027    # 01; BJE-T1-PI000; 772; TRAFO; 0.0; 0.00; 50.0; 0.0; 0.0; -; 0.0; 0.0; -; 0.0; 0.0; 
44030; BJE-T2-PI013; 44029    # 02; BJE-T2-PI000; 772; TRAFO; 0.0; 0.00; 50.0; 0.0; 0.0; -; 0.0; 0.0; -; 0.0; 0.0; 
44036; GID-T1-PI013; 44035    # 01; GID-T1-PI000; 772; TRAFO; 0.0; 0.00; 50.0; 0.0; 0.0; -; 0.0; 0.0; -; 0.0; 0.0; 
44038; GID-T2-PI013; 44037    # 02; GID-T2-PI000; 772; TRAFO; 0.0; 0.00; 50.0; 0.0; 0.0; -; 0.0; 0.0; -; 0.0; 0.0; 
44085; SJPIT2-PI013; 44084    # 02; SJPIT2-PI000; 771; TRAFO; 0.0; 0.00; 9999.0; 0.0; 0.0; -; 0.0; 0.0; -; 0.0; 0.0; 
44090; TSI-L1-PI230; 5501    # 01; TERESI-PI230; 772; TL; 0.0; 0.00; 9999.0; 0.0; 0.0; -; 0.0; 0.0; -; 0.0; 0.0; 
44091; TSI-L2-PI230; 5501    # 01; TERESI-PI230; 772; TL; 0.0; 0.00; 9999.0; 0.0; 0.0; -; 0.0; 0.0; -; 0.0; 0.0; 
44095; U.BESP-PI230; 5520    # 01; UBE1--UHE001; 772; TRAFO; 45.3; 37.79; 120.0; -45.0; 5.6; -; 45.0; -3.7; 0.997 Ind; 0.0; 2.0; 
44095; U.BESP-PI230; 5522    # 01; UBE2--UHE001; 772; TRAFO; 54.6; 77.94; 70.0; -54.0; 7.8; -; 54.0; -2.1; 0.999 Ind; 0.0; 5.7; 
44095; U.BESP-PI230; 5523    # 01; BOAESPSIN000; 772; TRAFO; 0.0; 0.00; 140.0; 0.0; 0.0; -; 0.0; 0.0; -; 0.0; 0.0; 
44131; PNB4T1-PI013; 44130    # 01; PNB4T1-PI000; 772; TRAFO; 0.0; 0.00; 9999.0; 0.0; 0.0; -; 0.0; 0.0; -; 0.0; 0.0; 
44133; PNB4T2-PI013; 44132    # 02; PNB4T2-PI000; 772; TRAFO; 0.0; 0.00; 9999.0; 0.0; 0.0; -; 0.0; 0.0; -; 0.0; 0.0; 
44141; MCD-T2-BA013; 44140    # 02; MCD-T2-BA000; 772; TRAFO; 0.0; 0.00; 150.0; 0.0; 0.0; -; 0.0; 0.0; -; 0.0; 0.0; 
44526; CNP-T4-PI013; 44527    # 04; CNP-T4-PI000; 771; TRAFO; 0.0; 0.00; 1.0; 0.0; 0.0; -; 0.0; 0.0; -; 0.0; 0.0; 
44586; CHAPT1-PI000; 5327    # 03; CHAPA1-PI138; 772; TRAFO; 30.9; 15.46; 200.0; 28.0; 13.0; 0.908 Cap; -28.0; -13.0; -; 0.0; -0.0; 
44586; CHAPT1-PI000; 44584    # 03; CHAPT1-PI013; 772; TRAFO; 0.0; 0.00; 1.0; 0.0; 0.0; -; 0.0; 0.0; -; 0.0; 0.0; 
44587; CHAPT2-PI000; 5327    # 04; CHAPA1-PI138; 772; TRAFO; 30.9; 15.46; 200.0; 28.0; 13.0; 0.908 Cap; -28.0; -13.0; -; 0.0; -0.0; 
44587; CHAPT2-PI000; 44585    # 04; CHAPT2-PI013; 772; TRAFO; 0.0; 0.00; 1.0; 0.0; 0.0; -; 0.0; 0.0; -; 0.0; 0.0; 
44609; MARANG-PI230; 5491    # 01; PIRIPI-PI230; 772; TL; 128.3; 20.53; 625.0; 128.0; -9.3; 0.997 Ind; -127.6; 2.9; -; 0.4; -6.4; 
44609; MARANG-PI230; 6011    # 01; IBIAPI-CE230; 772; TL; 52.0; 8.32; 625.0; 33.4; -39.9; 0.642 Ind; -33.3; 27.3; -; 0.1; -12.5; 
44610; MRGTA--PI230; 44609    # 01; MARANG-PI230; 772; TL; 84.3; 32.95; 256.0; 80.7; -24.5; 0.957 Ind; -80.6; 24.2; -; 0.1; -0.3; 
44611; MRGTA--PI000; 44610    # 01; MRGTA--PI230; 772; OLTC; 84.3; 42.17; 200.0; 80.7; -24.3; 0.957 Ind; -80.7; 24.5; -; 0.0; 0.2; 
44612; MRGTA1-PI034; 44611    # 01; MRGTA--PI000; 772; TRAFO; 42.1; 42.12; 100.0; 40.3; -10.9; 0.965 Ind; -40.3; 12.1; -; 0.0; 1.2; 
44613; MRGTA2-PI034; 44611    # 01; MRGTA--PI000; 772; TRAFO; 42.2; 42.18; 100.0; 40.4; -11.0; 0.965 Ind; -40.4; 12.2; -; 0.0; 1.2; 
44614; UFVMA1-PI034; 44612    # 01; MRGTA1-PI034; 772; TL; 41.8; 41.01; 102.0; 40.5; -10.5; 0.968 Ind; -40.3; 10.9; -; 0.2; 0.5; 
44615; MRGTA2-PI034; 44613    # 01; MRGTA2-PI034; 772; TL; 41.9; 41.07; 102.0; 40.5; -10.7; 0.967 Ind; -40.4; 11.0; -; 0.1; 0.3; 
44616; MRGTA1UFV090; 44614    # 01; UFVMA1-PI034; 772; TRAFO; 41.8; 41.01; 102.0; 40.5; -9.4; 0.974 Ind; -40.5; 10.5; -; 0.0; 1.1; 
44617; MRGTA2UFV090; 44615    # 01; MRGTA2-PI034; 772; TRAFO; 41.9; 41.07; 102.0; 40.5; -9.6; 0.973 Ind; -40.5; 10.7; -; 0.0; 1.1; 
44618; MRGTB--PI230; 44609    # 01; MARANG-PI230; 772; TL; 84.5; 33.02; 256.0; 80.8; -24.9; 0.956 Ind; -80.8; 24.9; -; 0.0; -0.0; 
44619; MRGTB--PI000; 44618    # 01; MRGTB--PI230; 772; OLTC; 84.5; 42.26; 200.0; 80.8; -24.7; 0.956 Ind; -80.8; 24.9; -; 0.0; 0.2; 
44620; MRGTB1-PI034; 44619    # 01; MRGTB--PI000; 772; TRAFO; 42.3; 42.31; 100.0; 40.3; -11.5; 0.962 Ind; -40.3; 12.7; -; 0.0; 1.2; 
44621; MRGTB2-PI034; 44619    # 01; MRGTB--PI000; 772; TRAFO; 42.2; 42.17; 100.0; 40.4; -10.8; 0.966 Ind; -40.4; 12.0; -; 0.0; 1.2; 
44622; UFVMB3-PI034; 44620    # 01; MRGTB1-PI034; 772; TL; 42.0; 41.17; 102.0; 40.5; -11.1; 0.965 Ind; -40.3; 11.5; -; 0.2; 0.4; 
44623; UFVMB4-PI034; 44621    # 01; MRGTB2-PI034; 772; TL; 41.8; 41.03; 102.0; 40.5; -10.5; 0.968 Ind; -40.4; 10.8; -; 0.1; 0.4; 
44624; MRGTB3UFV090; 44622    # 01; UFVMB3-PI034; 772; TRAFO; 42.0; 41.17; 102.0; 40.5; -10.0; 0.971 Ind; -40.5; 11.1; -; 0.0; 1.1; 
44625; MRGTB4UFV090; 44623    # 01; UFVMB4-PI034; 772; TRAFO; 41.8; 41.01; 102.0; 40.5; -9.3; 0.974 Ind; -40.5; 10.5; -; 0.0; 1.1; 
44669; RSFRANUFV000; 44670    # 01; RSFRAN-PI034; 771; TL; 27.0; 0.27; 9999.0; 27.0; -0.0; 1.000; -26.9; -0.9; -; 0.1; -0.9; 
44670; RSFRAN-PI034; 44671    # 01; RSFRAN-PI500; 771; TRAFO; 26.9; 0.27; 9999.0; 26.9; 0.9; 0.999 Cap; -26.9; 0.6; -; 0.0; 1.5; 
44671; RSFRAN-PI500; 5318    # 01; ACARAT-CE500; 771; TL; 126.6; 4.87; 2598.0; -36.0; -48.2; -; 36.0; -121.3; 0.285 Ind; 0.0; -169.6; 
44755; RGO-T2-PI000; 5432    # 02; RGONCA-PI069; 772; TRAFO; 1.3; 2.58; 50.0; 1.3; 0.1; 0.997 Cap; -1.3; -0.1; -; 0.0; 0.0; 
44755; RGO-T2-PI000; 44756    # 02; RGO-T2-PI013; 772; TRAFO; 0.0; 0.00; 8.3; 0.0; 0.0; -; 0.0; 0.0; -; 0.0; 0.0; 
44893; AR3T12-PI000; 44894    # 01; AR3T13-PI000; 772; TRAFO; 1.8; 0.02; 9999.0; -0.4; 1.7; -; 0.4; -1.7; 0.256 Ind; 0.0; 0.0; 
44894; AR3T13-PI000; 44895    # 01; AR3T14-PI000; 772; TRAFO; 32.4; 0.32; 9999.0; 24.8; -20.4; 0.773 Ind; -24.8; 20.8; -; 0.0; 0.5; 
44896; AR3-T1-PI013; 44895    # 01; AR3T14-PI000; 772; TRAFO; 0.0; 0.00; 9999.0; 0.0; 0.0; -; 0.0; 0.0; -; 0.0; 0.0; 
44902; LBARR3-PI034; 8408    # 01; LBARR3EOL018; 772; TL; 29.1; 0.29; 9999.0; -24.6; 15.4; -; 24.8; -14.5; 0.863 Ind; 0.2; 0.9; 
44929; PORTOCUTE000; 44930    # 01; PORTOC-CE500; 761; TRAFO; 0.0; 0.00; 9999.0; 0.0; 0.0; -; 0.0; 0.0; -; 0.0; 0.0; 
44930; PORTOC-CE500; 5370    # 01; PECEM2-CE500; 761; SWITCH; 0.0; 0.00; 9999.0; 0.0; 0.0; -; 0.0; 0.0; -; 0.0; 0.0; 
7190; GILBU2-PI500; 7197    # 02; GB-BR-CAP500; 771; SERCAP; 1136.8; 52.51; 2165.0; 1097.9; -294.8; 0.966 Ind; -1097.9; 190.9; -; 0.0; -103.9; 
5436; RGONCA-PI500; 5437    # 01; RG-CO1CAP500; 771; SERCAP; 241.4; 15.48; 1559.0; -182.5; -158.0; -; 182.5; 148.1; 0.777 Cap; 0.0; -9.9; 
5436; RGONCA-PI500; 5435    # 03; RG-SJ1CAP500; 771; SERCAP; 252.6; 16.20; 1559.0; 210.6; -139.4; 0.834 Ind; -210.6; 129.5; -; 0.0; -10.0; 
5570; S.J.PI-PI500; 5577    # 02; SJ-SB2CAP500; 771; SERCAP; 480.2; 30.80; 1559.0; 476.1; 30.6; 0.998 Cap; -476.1; -62.5; -; 0.0; -31.9; 
43952; SJ-SB1-PI500; 5572    # 05; SJ-SB1CAP500; 771; SERCAP; 448.6; 29.61; 1515.0; 370.0; -253.6; 0.825 Ind; -370.0; 219.2; -; 0.0; -34.5; 
43953; SJ-BEA-PI500; 5574    # 06; SJ-BEACAP500; 771; SERCAP; 277.2; 18.30; 1515.0; -174.5; -215.4; -; 174.5; 200.6; 0.656 Cap; 0.0; -14.8; 
5436; RGONCA-PI500; 5576    # 04; RG-SJ2CAP500; 771; SERCAP; 258.7; 16.60; 1559.0; 209.4; -151.9; 0.810 Ind; -209.4; 141.4; -; 0.0; -10.5; 
5436; RGONCA-PI500; 5575    # 02; RG-CO2CAP500; 771; SERCAP; 241.3; 15.48; 1559.0; -184.5; -155.5; -; 184.5; 145.6; 0.785 Cap; 0.0; -9.9; 
